{"initial_reset_timestamp": 4626.382150717, "timestamps": [4627.015090011, 4632.355328176, 4634.224813606, 4634.729093565, 4636.628578986, 4637.271305065, 4638.339006882, 4638.647714163, 4638.92153133, 4641.735849442, 4642.716678121, 4644.602564355, 4645.728456902, 4646.815080767, 4647.648618115, 4648.143210719, 4649.983708744, 4650.957406997, 4651.789697349, 4652.528879018], "episode_lengths": [17, 150, 83, 15, 64, 32, 43, 17, 11, 58, 45, 90, 14, 44, 38, 23, 56, 35, 27, 29], "episode_rewards": [7592.209163109487, -26352.969967091165, -4350.52093276907, 7884.91136754256, 151.5654472012975, 5123.42499295751, 3031.3529509404007, 7478.878832023818, 8688.980537395046, 1136.9396537412376, 2648.382778936839, -7119.0000244396615, 8097.4436660789615, 3297.3576823940375, 3687.7156258084597, 6588.394612642142, 1351.3246750109647, 4715.232636612677, 5900.5728335193735, 5297.101779779832], "episode_types": ["t", "t", "t", "t", "t", "t", "t", "t", "t", "t", "t", "t", "t", "t", "t", "t", "t", "t", "t", "t", "t"]}