{"initial_reset_timestamp": 4244.602731339, "timestamps": [4244.958044129, 4245.112022617, 4245.306839667, 4245.462629049, 4245.594163496, 4245.817240297, 4245.955941549, 4246.121913626, 4246.18085677, 4246.392880952, 4246.496400527], "episode_lengths": [5, 6, 10, 5, 4, 5, 3, 3, 1, 5, 4], "episode_rewards": [9297.413437780322, 9088.426381645706, 8299.256469227594, 9297.789592554616, 9497.422393794117, 9299.176186746636, 9697.948857014922, 9699.92631772023, 10000.0, 9299.94688450561, 9497.693528364642], "episode_types": ["t", "t", "t", "t", "t", "t", "t", "t", "t", "t", "t", "t"]}