{"initial_reset_timestamp": 33229.693858585, "timestamps": [33229.834893665, 33229.979762664, 33230.386216003, 33230.519966452, 33230.65071313, 33230.79546981, 33231.047088604, 33231.203834517, 33231.436485745, 33231.538710174, 33231.654932893, 33231.798391599, 33231.948685377, 33232.197978567, 33232.532711269, 33232.721603069, 33232.936569203, 33233.098223813, 33233.266116608, 33234.079644811, 33234.25792614, 33234.423229834, 33234.531313133, 33234.648077727, 33234.81669347, 33234.984154435, 33235.176728178, 33235.288864361, 33236.527038211, 33236.703657066, 33237.114751311, 33237.431353516, 33237.591114078, 33237.792865596, 33238.10106293, 33238.299132487, 33238.493203955, 33238.61104812, 33238.764001207, 33239.057314256, 33239.143824197, 33239.250096262, 33239.385382166, 33239.466088608, 33239.581514834, 33239.707611878, 33239.879586408, 33240.139486636, 33240.309871623, 33240.46078493], "episode_lengths": [5, 5, 9, 8, 4, 7, 10, 4, 5, 6, 5, 6, 4, 13, 21, 7, 10, 10, 10, 9, 5, 7, 1, 5, 5, 5, 13, 4, 150, 5, 7, 16, 4, 7, 5, 9, 5, 4, 6, 15, 4, 4, 5, 1, 5, 4, 11, 11, 13, 7], "episode_rewards": [9298.175255943112, 9297.746743172205, 8609.579818328144, 8697.182412457458, 9499.661281658933, 8898.403943943333, 8399.985312442184, 9498.243292911433, 9300.14494356552, 9099.198468149869, 9297.932340398927, 9098.81470828151, 9500.348324572893, 7699.0020294028, 6709.868218089953, 8899.89618392587, 8297.505017574807, 8299.017559035106, 8295.2147609381, 8497.260596601982, 9291.205827126096, 8899.395087222105, 10000.0, 9297.012026763441, 9300.036216697994, 9299.440773574182, 7697.585764460179, 9497.14593790842, -30000.0, 9405.985022505716, 8993.880835090222, 7292.2581139416525, 9497.661156400483, 8896.069892219015, 9298.034884190354, 8703.776027486365, 9402.005466638928, 9499.152597318367, 9301.599086832233, 7400.459294106737, 9498.456472472537, 9499.037448861925, 9406.466088064055, 10000.0, 9297.880461704262, 9498.08162147837, 8403.14266076863, 8186.253807715128, 7697.2989356258495, 8899.743745197322], "episode_types": ["t", "t", "t", "t", "t", "t", "t", "t", "t", "t", "t", "t", "t", "t", "t", "t", "t", "t", "t", "t", "t", "t", "t", "t", "t", "t", "t", "t", "t", "t", "t", "t", "t", "t", "t", "t", "t", "t", "t", "t", "t", "t", "t", "t", "t", "t", "t", "t", "t", "t", "t"]}