{"initial_reset_timestamp": 6482.702876591, "timestamps": [6485.104461837, 6488.034301827, 6491.508777588, 6494.26195702, 6497.84131349, 6501.289670006, 6505.206132458, 6509.060297573, 6515.018186912, 6517.607502851], "episode_lengths": [150, 150, 132, 95, 150, 150, 150, 150, 150, 150], "episode_rewards": [-30000.0, -30000.0, -14909.474833379918, -7458.79131490998, -29049.390765748867, -29776.57901922563, -30000.0, -29361.928234734358, -30000.0, -30000.0], "episode_types": ["t", "t", "t", "t", "t", "t", "t", "t", "t", "t", "t"]}