{"initial_reset_timestamp": 6644.739229155, "timestamps": [6650.556062381, 6656.850835046, 6661.439878906, 6664.956429342, 6668.405665272, 6674.207164198, 6678.702682964, 6683.250691471, 6686.75205324, 6690.925404766, 6694.313948299, 6698.135007757, 6702.50352717, 6706.086092192, 6709.626717143, 6714.355018944, 6717.789602018, 6722.817812753, 6724.723323082, 6728.535118801], "episode_lengths": [150, 150, 150, 150, 150, 150, 150, 150, 150, 150, 150, 150, 150, 150, 150, 150, 103, 150, 56, 150], "episode_rewards": [-29442.812573095453, -27813.400758628435, -28330.919208399657, -29901.4426236835, -29901.843444540056, -27085.860814180007, -28665.442478736066, -30000.0, -29799.639784402207, -29702.06088047313, -30000.0, -27924.409263749614, -30000.0, -29897.38187249394, -30000.0, -29901.83012875155, -8496.595063495413, -29267.623931813447, 460.2242569880382, -30000.0], "episode_types": ["t", "t", "t", "t", "t", "t", "t", "t", "t", "t", "t", "t", "t", "t", "t", "t", "t", "t", "t", "t", "t"]}