,train_n_traj,train_return_min,train_return_mean,train_return_std,train_return_max,train_len_min,train_len_mean,train_len_std,train_len_max,train_success_min,train_success_mean,train_success_std,train_success_max,test_n_traj,test_return_min,test_return_mean,test_return_std,test_return_max,test_len_min,test_len_mean,test_len_std,test_len_max,test_success_min,test_success_mean,test_success_std,test_success_max,num_expert_demos
0,10,-30000.0,-28980.413967895507,1017.4333963274853,-27031.202713012695,150,150.0,0.0,150,0.0,0.0,0.0,0.0,10,-0.39066296187229455,-0.3262636647094041,0.1293227190041394,-0.039065046235919,17,125.7,48.87136175716818,150,0.0,0.2,0.4000000000000001,1.0,10
1,10,-30000.0,-26055.616419219972,7626.330247639241,-7458.791320800781,95,142.7,16.781239525136396,150,0.0,0.2,0.4000000000000001,1.0,10,-0.39061458478681743,-0.24370624502189459,0.15108523133499052,-0.049471921753138304,21,94.6,57.05646326228081,150,0.0,0.5,0.5,1.0,60
