bc/l2_norm,bc/l2_loss,bc/entropy,bc/neglogp,bc/loss,bc/ent_loss,bc/batch_num,bc/epoch_num,bc/samples_so_far,bc/prob_true_act
24534.98046875,0.0,7.094692230224609,5.958216667175293,5.951121807098389,-0.007094692438840866,1,0,128,0.002694217022508383
