bc/neglogp,bc/entropy,bc/ent_loss,bc/prob_true_act,bc/samples_so_far,bc/batch_num,bc/epoch_num,bc/l2_norm,bc/l2_loss,bc/loss
5.967598915100098,7.094692230224609,-0.007094692438840866,0.002688010223209858,128,1,0,928.500244140625,0.0,5.960504055023193
