bc/l2_norm,bc/l2_loss,bc/entropy,bc/neglogp,bc/loss,bc/ent_loss,bc/batch_num,bc/epoch_num,bc/samples_so_far,bc/prob_true_act
24614.970703125,0.0,7.094692230224609,5.928348541259766,5.921253681182861,-0.007094692438840866,1,0,128,0.0027857422828674316
