rollout/return_min,rollout/success_mean,rollout/return_max,bc/ent_loss,bc/prob_true_act,rollout/success_std,bc/l2_norm,bc/l2_loss,bc/batch_num,rollout/return_std,bc/loss,dagger/total_timesteps,batch_size,bc/neglogp,dagger/mean_episode_success,rollout/success_max,bc/entropy,bc/samples_so_far,dagger/round_episode_count,dagger/round_timestep_count,rollout/return_mean,dagger/round_num,dagger/total_expert_count,dagger/mean_episode_reward,bc/epoch_num,rollout/success_min
-10000.0,0.0,-9900.086524963379,-0.007094692438840866,0.002807134762406349,0.0,928.500244140625,0.0,1,21.775637039130253,5.920116901397705,128,128,5.927211761474609,1.0,0.0,7.094692230224609,128,10,128,-9995.004326248169,0,128,8253.939697265627,0,0.0
-10000.0,0.0,-10000.0,-0.007054836954921484,0.004865718074142933,0.0,933.1927490234375,0.0,1,0.0,5.379105091094971,267,128,5.386159896850586,1.0,0.0,7.054836750030518,128,8,139,-10000.0,1,253,7481.654235839844,0,0.0
