bc/l2_loss,rollout/success_max,rollout/return_mean,bc/samples_so_far,dagger/mean_episode_success,bc/l2_norm,dagger/mean_episode_reward,bc/epoch_num,bc/ent_loss,bc/batch_num,bc/neglogp,rollout/return_min,dagger/round_num,dagger/total_timesteps,bc/prob_true_act,rollout/return_max,dagger/round_episode_count,rollout/success_std,rollout/success_min,dagger/total_expert_count,dagger/round_timestep_count,rollout/success_mean,bc/entropy,batch_size,rollout/return_std,bc/loss
0.0,0.0,-10000.0,128,1.0,928.500244140625,7586.428114149306,0,-0.007094692438840866,1,6.065682888031006,-10000.0,0,148,0.00248614139854908,-10000.0,9,0.0,0.0,148,148,0.0,7.094692230224609,128,0.0,6.058588027954102
0.0,0.0,-9990.111360168457,128,1.0,933.3699951171875,7223.106236049107,0,-0.0070547545328736305,1,5.576545238494873,-10000.0,1,281,0.003998677246272564,-9900.547088623047,7,0.0,0.0,272,133,0.0,7.054754257202148,128,29.66646040845943,5.569490432739258
0.0,0.0,-9709.032694244384,128,1.0,942.4275512695312,7731.934020996094,0,-0.0069712065160274506,1,5.116162300109863,-10000.0,2,409,0.007464664056897163,-8742.943000793457,8,0.0,0.0,381,128,0.0,6.971206188201904,128,461.6957370356329,5.109190940856934
0.0,1.0,-8404.756063461304,128,1.0,956.610595703125,7618.991882324219,0,-0.006841741967946291,1,4.767877101898193,-10000.0,3,539,0.009494406171143055,3885.037109375,8,0.30000000000000004,0.0,483,130,0.1,6.841741561889648,128,3929.4605466569847,4.761035442352295
0.0,1.0,-6909.744604110718,128,1.0,975.2322998046875,6758.029645647322,0,-0.00666649267077446,1,4.472303867340088,-10000.0,4,689,0.012276982888579369,5990.030113220215,7,0.4,0.0,591,150,0.2,6.666492462158203,128,5494.7453069832445,4.46563720703125
