dagger/round_num,rollout/return_max,dagger/total_timesteps,bc/ent_loss,dagger/round_timestep_count,dagger/round_episode_count,rollout/return_min,rollout/return_mean,rollout/return_std,bc/samples_so_far,bc/neglogp,bc/entropy,dagger/mean_episode_reward,bc/l2_norm,batch_size,bc/loss,bc/l2_loss,bc/prob_true_act,bc/batch_num,bc/epoch_num
0,-3619.7058486938477,600,-0.007094692438840866,600,3,-40000.0,-32586.296301269533,14483.845443377884,32,6.410745620727539,7.094692230224609,-40000.0,928.500244140625,32,6.403650760650635,0.0,0.0016437985468655825,1,0
,-38698.62707519531,,-0.004509331658482552,,,-40000.0,-39559.723013305666,524.2849519896498,16032,2.009330987930298,4.509331226348877,,956.805908203125,32,2.004821538925171,0.0,0.13407835364341736,501,1
,-40000.0,,-0.001995954429730773,,,-40000.0,-40000.0,0.0,32032,-0.5040457248687744,1.9959542751312256,,958.7373046875,32,-0.5060417056083679,0.0,1.655405044555664,1001,2
,-40000.0,,0.000509565114043653,,,-40000.0,-40000.0,0.0,48032,-3.0095643997192383,-0.5095651149749756,,961.9148559570312,32,-3.0090548992156982,0.0,20.278562545776367,1501,3
