dagger/total_timesteps,bc/epoch_num,bc/ent_loss,rollout/return_min,bc/prob_true_act,dagger/round_episode_count,bc/l2_loss,batch_size,dagger/round_num,bc/entropy,bc/loss,dagger/mean_episode_reward,rollout/return_max,rollout/return_std,rollout/return_mean,bc/batch_num,bc/neglogp,bc/l2_norm,dagger/round_timestep_count,bc/samples_so_far
600,0,-0.007094692438840866,-39799.97206115723,0.0017393630696460605,3,0.0,32,0,7.094692230224609,6.359371662139893,-40000.0,6490.8899002075195,18900.501892313205,-8586.34766845703,1,6.366466522216797,928.500244140625,600,32
,1,-0.004529192112386227,-40000.0,0.12943536043167114,,0.0,32,,4.529191970825195,2.0415525436401367,,-39000.40076446533,382.3625235829209,-39759.803791809085,501,2.046081781387329,958.6483764648438,,16032
,2,-0.002037215977907181,-40000.0,1.4798849821090698,,0.0,32,,2.0372159481048584,-0.3466281592845917,,-40000.0,0.0,-40000.0,1001,-0.3445909321308136,960.232177734375,,32032
,3,0.0003998174797743559,-40000.0,16.426132202148438,,0.0,32,,-0.39981746673583984,-2.760028839111328,,-40000.0,0.0,-40000.0,1501,-2.7604286670684814,963.3870849609375,,48032
